{
  "labels_3d": [
    0,
    0,
    0,
    0,
    0,
    0,
    0,
    0,
    0,
    0,
    0
  ],
  "scores_3d": [
    0.9652701616287231,
    0.9638999104499817,
    0.9635623693466187,
    0.9398829936981201,
    0.9093145132064819,
    0.8654996752738953,
    0.8424090147018433,
    0.8367340564727783,
    0.7537120580673218,
    0.6397165060043335,
    0.6281850337982178
  ],
  "bboxes_3d": [
    [
      16.81238555908203,
      -5.804107189178467,
      -1.6261380910873413,
      3.196664333343506,
      1.5195802450180054,
      1.4437005519866943,
      -0.13847410678863525
    ],
    [
      5.477832794189453,
      -4.301272869110107,
      -1.729408860206604,
      3.4371893405914307,
      1.5818208456039429,
      1.4138474464416504,
      -0.12393534183502197
    ],
    [
      12.125761985778809,
      2.3388078212738037,
      -1.598545789718628,
      3.9363620281219482,
      1.6453031301498413,
      1.4292210340499878,
      2.991229295730591
    ],
    [
      23.974321365356445,
      0.39196664094924927,
      -1.5519814491271973,
      4.062798500061035,
      1.6568737030029297,
      1.5419347286224365,
      2.951741933822632
    ],
    [
      21.650684356689453,
      26.878679275512695,
      -1.4555275440216064,
      3.093528985977173,
      1.5702656507492065,
      1.406430721282959,
      2.937992572784424
    ],
    [
      1.9880852699279785,
      5.574985980987549,
      -1.7875608205795288,
      4.399980068206787,
      1.7680381536483765,
      1.7833610773086548,
      2.2452101707458496
    ],
    [
      22.213340759277344,
      -6.787903308868408,
      -1.601090669631958,
      3.865673780441284,
      1.6175765991210938,
      1.4605083465576172,
      -0.1943122148513794
    ],
    [
      43.24104309082031,
      -4.496463775634766,
      -1.3574061393737793,
      3.4289276599884033,
      1.4520988464355469,
      1.592486023902893,
      2.732390880584717
    ],
    [
      36.64372634887695,
      -1.8877182006835938,
      -1.478696584701538,
      3.944977045059204,
      1.5969096422195435,
      1.5888822078704834,
      2.978813409805298
    ],
    [
      29.3100528717041,
      -0.6473854184150696,
      -1.5203381776809692,
      3.5757837295532227,
      1.5219273567199707,
      1.4962650537490845,
      2.949791431427002
    ],
    [
      28.683551788330078,
      -7.777620315551758,
      -1.5760791301727295,
      3.8809947967529297,
      1.608521819114685,
      1.5111066102981567,
      -0.16251039505004883
    ]
  ],
  "box_type_3d": "LiDAR"
}