{
  "labels_3d": [
    0,
    0,
    0,
    0,
    0,
    0,
    0,
    0,
    0,
    0,
    0
  ],
  "scores_3d": [
    0.9652701616287231,
    0.9639000296592712,
    0.9635623693466187,
    0.9398831129074097,
    0.9093145132064819,
    0.8654996752738953,
    0.8424091339111328,
    0.8367344737052917,
    0.7537117004394531,
    0.6397161483764648,
    0.6281846165657043
  ],
  "bboxes_3d": [
    [
      16.81238555908203,
      -5.804108142852783,
      -1.6261380910873413,
      3.196664333343506,
      1.5195802450180054,
      1.4437004327774048,
      -0.13847410678863525
    ],
    [
      5.477832794189453,
      -4.301271438598633,
      -1.7294089794158936,
      3.4371895790100098,
      1.5818209648132324,
      1.4138473272323608,
      -0.12393522262573242
    ],
    [
      12.125761985778809,
      2.338808298110962,
      -1.5985456705093384,
      3.9363620281219482,
      1.6453031301498413,
      1.4292209148406982,
      2.991229295730591
    ],
    [
      23.974323272705078,
      0.3919651210308075,
      -1.5519813299179077,
      4.062798500061035,
      1.6568739414215088,
      1.541934609413147,
      2.9517416954040527
    ],
    [
      21.650684356689453,
      26.878679275512695,
      -1.4555268287658691,
      3.0935282707214355,
      1.5702654123306274,
      1.4064302444458008,
      2.937992572784424
    ],
    [
      1.9880852699279785,
      5.574987411499023,
      -1.7875609397888184,
      4.399980068206787,
      1.7680381536483765,
      1.7833610773086548,
      2.245210647583008
    ],
    [
      22.213340759277344,
      -6.787903308868408,
      -1.601090669631958,
      3.865673780441284,
      1.6175765991210938,
      1.4605083465576172,
      -0.1943122148513794
    ],
    [
      43.24104309082031,
      -4.496461868286133,
      -1.3574060201644897,
      3.4289278984069824,
      1.452099084854126,
      1.5924862623214722,
      2.732390880584717
    ],
    [
      36.64372634887695,
      -1.887718915939331,
      -1.478696346282959,
      3.9449775218963623,
      1.596909523010254,
      1.5888819694519043,
      2.978813409805298
    ],
    [
      29.31005096435547,
      -0.6473836898803711,
      -1.5203380584716797,
      3.5757832527160645,
      1.5219273567199707,
      1.496264934539795,
      2.949791431427002
    ],
    [
      28.683551788330078,
      -7.777619361877441,
      -1.5760793685913086,
      3.880995035171509,
      1.608521819114685,
      1.5111068487167358,
      -0.16251039505004883
    ]
  ],
  "box_type_3d": "LiDAR"
}