{"labels_3d": [0, 0, 0, 0, 0, 0, 0, 0, 0, 0, 0, 0, 0, 0, 0, 0, 0, 0, 0, 0, 0, 0, 0, 0, 0, 0, 0, 0, 0, 0, 0, 0, 0, 0, 0, 0, 0, 0, 0, 0, 0, 0, 0, 0, 0, 0, 0, 0, 0], "scores_3d": [0.007361413445323706, 0.0004749165673274547, 3.345774166518822e-05, 1.4483842727605611e-12, 0.8995926380157471, 0.004559183493256569, 0.019541364163160324, 1.174080138666156e-10, 8.724308599994401e-07, 2.868857791327173e-07, 0.00012378017709124833, 5.055463043390773e-05, 2.1980665678711375e-06, 6.154692528070882e-05, 1.363304402701715e-08, 0.7776027917861938, 1.5016269117040792e-08, 1.1558037158465595e-06, 0.9160311818122864, 0.012159273028373718, 0.00488525303080678, 4.227473618811928e-05, 0.00982686784118414, 0.007720217574387789, 0.0012779521057382226, 4.988704858988058e-06, 0.9010843634605408, 0.8596348166465759, 4.397538759803865e-06, 0.7436324954032898, 2.3279850211110897e-05, 0.674790620803833, 2.886479770480843e-11, 0.9041800498962402, 0.5861846804618835, 1.6809733551781392e-06, 0.34891605377197266, 5.254528332443442e-06, 1.4849521903670393e-05, 0.010009165853261948, 2.7785070415120572e-05, 0.033598583191633224, 5.082126275368637e-09, 2.260531618958339e-05, 8.847427125147078e-06, 1.6761053984737373e-06, 2.918696372944396e-05, 2.529219500502222e-07, 4.7229433697282275e-09], "bboxes_3d": [[66.2735366821289, -26.711753845214844, -0.9688412547111511, 3.730668544769287, 1.6063849925994873, 1.6216230392456055, 2.7024755477905273], [40.835304260253906, -18.482208251953125, -0.6114706993103027, 3.8317184448242188, 1.625320553779602, 1.8029892444610596, 2.987128496170044], [69.41163635253906, -11.716050148010254, 0.8030413389205933, 3.8147096633911133, 1.6533808708190918, 1.8822314739227295, 1.0703825950622559], [35.59279251098633, -2.36268949508667, -0.3208658695220947, 4.465187072753906, 1.9205384254455566, 2.3096799850463867, 2.255373239517212], [8.118279457092285, 1.2393020391464233, -1.5575361251831055, 3.7382471561431885, 1.532522439956665, 1.5092411041259766, 2.8275210857391357], [59.87894058227539, -16.17180633544922, -1.3295642137527466, 3.8201658725738525, 1.5897674560546875, 1.486825942993164, -3.115466594696045], [28.99001121520996, -15.020026206970215, -3.78953218460083, 4.089703559875488, 1.653031826019287, 1.5985643863677979, -3.114614486694336], [23.99243927001953, -1.02060866355896, -0.899629533290863, 3.761115312576294, 1.54429030418396, 1.8887337446212769, -0.017527775838971138], [63.21904754638672, -9.695146560668945, 0.6677815914154053, 4.15739631652832, 1.6392250061035156, 2.0377745628356934, 2.5895302295684814], [16.61502456665039, -9.020238876342773, -1.7360894680023193, 3.9772253036499023, 1.312727451324463, 1.8829565048217773, -1.6153898239135742], [40.256629943847656, -11.763404846191406, -1.1241154670715332, 3.999981164932251, 1.6427977085113525, 1.420181393623352, 0.001137184794060886], [29.552122116088867, -5.580620288848877, -1.2836291790008545, 3.54587721824646, 1.520747184753418, 1.440622091293335, -1.5497870445251465], [38.64943313598633, -6.775518894195557, -1.2360012531280518, 3.5402612686157227, 1.3787156343460083, 1.6982110738754272, -0.0269083883613348], [55.1309814453125, -16.40412139892578, -1.1553561687469482, 3.995119571685791, 1.6176118850708008, 1.9062187671661377, 3.0472278594970703], [19.61332893371582, 7.5793375968933105, -0.9133090972900391, 4.172305107116699, 1.5381999015808105, 2.0076518058776855, 1.1296536922454834], [3.742154359817505, 2.6423730850219727, -1.6260095834732056, 3.7747228145599365, 1.560788869857788, 1.530912160873413, -0.27989625930786133], [43.506195068359375, -4.736449718475342, -0.6185880899429321, 3.962834596633911, 1.4488563537597656, 1.7353434562683105, -2.0832419395446777], [43.72048568725586, -13.44687557220459, -0.8870494961738586, 3.7988502979278564, 1.484809160232544, 1.5117279291152954, -2.5867645740509033], [14.738975524902344, -1.0847423076629639, -1.502002477645874, 3.69123911857605, 1.5897669792175293, 1.4941961765289307, -0.31012487411499023], [59.121910095214844, -24.53377914428711, -0.8705822825431824, 3.5503811836242676, 1.5284013748168945, 1.525435447692871, 2.675769567489624], [55.54875183105469, -9.877191543579102, -1.0222904682159424, 4.205428123474121, 1.770421028137207, 1.9140522480010986, -1.1048831939697266], [6.566199779510498, 5.968057155609131, -1.4750514030456543, 3.557976722717285, 1.5264734029769897, 1.6202030181884766, -2.5758862495422363], [20.326152801513672, 0.36121368408203125, -1.6165814399719238, 3.7955737113952637, 1.5681354999542236, 1.514387845993042, 2.7126269340515137], [34.67790985107422, -16.37715721130371, -1.3123973608016968, 3.8145225048065186, 1.5865581035614014, 1.614328384399414, -0.39896488189697266], [54.401248931884766, -21.925962448120117, -1.2284363508224487, 3.723666191101074, 1.5201894044876099, 1.4358608722686768, -3.124394416809082], [21.301042556762695, -5.551980495452881, -1.630258321762085, 3.3672924041748047, 1.452352523803711, 1.4353985786437988, 0.9486687183380127], [6.425469875335693, -3.8393714427948, -1.7127976417541504, 3.0364623069763184, 1.4599640369415283, 1.468071460723877, -0.28850507736206055], [33.485591888427734, -7.091039657592773, -1.2633249759674072, 3.8403608798980713, 1.5980467796325684, 1.5266751050949097, 2.830923318862915], [37.08347702026367, -11.363271713256836, -1.162850260734558, 3.7546136379241943, 1.5383985042572021, 1.4872783422470093, -1.5380363464355469], [25.039142608642578, -10.154125213623047, -1.7241990566253662, 3.5720815658569336, 1.5824313163757324, 1.4876450300216675, -0.39331960678100586], [18.662750244140625, -5.015591144561768, -1.5855658054351807, 3.482497453689575, 1.516289234161377, 1.480311393737793, 0.9927843809127808], [55.198760986328125, -20.065431594848633, -1.3536571264266968, 3.8169589042663574, 1.5633699893951416, 1.511833906173706, 2.7608282566070557], [19.77857780456543, 3.2222368717193604, -0.6084575653076172, 4.184632301330566, 1.7531464099884033, 2.172175884246826, -0.38494253158569336], [20.336017608642578, -8.537866592407227, -1.73891019821167, 2.8686363697052, 1.5729424953460693, 1.5810788869857788, -0.3056473731994629], [28.780061721801758, -1.350019931793213, -0.9935538172721863, 3.968724012374878, 1.5628447532653809, 1.4131020307540894, 1.2615758180618286], [16.544160842895508, 9.53105354309082, -0.9679057002067566, 3.624969959259033, 1.4080398082733154, 1.7682085037231445, 1.1329901218414307], [41.01407241821289, -9.848641395568848, -1.3185713291168213, 3.858937978744507, 1.6067683696746826, 1.5303688049316406, -0.40633344650268555], [25.300094604492188, -2.9144692420959473, -1.4574384689331055, 3.649265766143799, 1.5443592071533203, 1.6256093978881836, -0.5403680801391602], [39.14350128173828, -1.9758150577545166, -0.5499477982521057, 3.7276995182037354, 1.5255169868469238, 1.7219133377075195, 2.690629005432129], [8.279226303100586, -8.145275115966797, -1.7895689010620117, 3.487414598464966, 1.5381503105163574, 1.499572992324829, -0.36913156509399414], [8.710356712341309, 4.128437042236328, -1.536479115486145, 3.4913811683654785, 1.443656325340271, 1.4399746656417847, 2.592442274093628], [46.12677001953125, -6.896389484405518, -0.8204948902130127, 3.827911615371704, 1.6371662616729736, 1.6319637298583984, -0.37275218963623047], [13.063349723815918, -10.262290954589844, -0.9103487133979797, 3.962298631668091, 1.3586863279342651, 1.8076674938201904, -1.5216116905212402], [61.507232666015625, -26.56641960144043, -0.2040621042251587, 4.942972183227539, 1.9312925338745117, 2.2527291774749756, -1.2415475845336914], [12.345906257629395, 3.7438061237335205, -1.1528728008270264, 3.766650676727295, 1.4154894351959229, 1.6460459232330322, 2.164019823074341], [49.87808609008789, -17.704635620117188, -1.8256525993347168, 4.1051788330078125, 1.5267884731292725, 1.8851604461669922, 2.6357901096343994], [29.691736221313477, -12.131457328796387, -2.2227954864501953, 3.5614030361175537, 1.6115777492523193, 1.541925072669983, -1.0558648109436035], [14.179767608642578, 8.049630165100098, 