{"labels_3d": [0, 0, 0, 0, 0, 0, 0, 0, 0, 0, 0, 0, 0, 0, 0, 0, 0, 0, 0, 0, 0, 0, 0, 0, 0, 0, 0, 0, 0, 0, 0, 0, 0, 0, 0, 0, 0, 0, 0, 0, 0, 0, 0, 0, 0, 0, 0, 0, 0, 0, 0, 0, 0, 0, 0, 0, 0, 0, 0, 0, 0, 0, 0, 0, 0, 0, 0, 0, 0, 0, 0, 0, 0, 0, 0, 0, 0, 0, 0, 0, 0, 0, 0, 0, 0, 0, 0, 0, 0, 0, 0, 0, 0, 0, 0, 0, 0, 0, 0, 0], "scores_3d": [0.0007325357873924077, 0.0010497606126591563, 5.0299855502089486e-05, 0.0010827328078448772, 0.0009574106661602855, 0.0002371298905927688, 4.465044548851438e-05, 8.345099558937363e-06, 1.720196996757295e-05, 0.0033010398037731647, 0.0004193879140075296, 9.275459888158366e-05, 2.9879738576710224e-06, 0.000279806787148118, 6.21496292296797e-05, 0.0010307040065526962, 0.0015719562070444226, 0.003710075281560421, 2.796668923110701e-05, 0.0528862401843071, 4.083339808858e-05, 0.0035717154387384653, 4.6208799631131114e-07, 0.00010006286174757406, 6.052289336366812e-07, 0.00014160173304844648, 0.11061963438987732, 0.007531959563493729, 0.0011905170977115631, 0.719506025314331, 0.00022380801965482533, 1.0853654202946927e-05, 0.00010304785973858088, 0.00045002528349868953, 0.002848501782864332, 7.22039258107543e-05, 0.00014860223745927215, 0.08397260308265686, 0.00018150477262679487, 2.9952957447676454e-07, 0.000434194429544732, 7.226495654322207e-05, 0.09039758890867233, 0.0003138380707241595, 9.113571650232188e-06, 0.8991775512695312, 0.00013858312740921974, 9.452278391108848e-06, 0.00023664157197345048, 4.506672121351585e-05, 0.8637856841087341, 0.007635761518031359, 0.9050496220588684, 0.004759771749377251, 1.179429000330856e-05, 0.241660937666893, 0.0006075452547520399, 0.882432222366333, 0.00016125630645547062, 0.002337381010875106, 0.0002871556207537651, 3.7992042052792385e-05, 3.3685242669889703e-05, 7.88205215940252e-05, 0.0016818685689941049, 0.1502995789051056, 4.106432243133895e-07, 5.159555257705506e-06, 7.006349733273964e-06, 0.0002885893627535552, 0.0014344962546601892, 0.019040703773498535, 1.92364641407039e-05, 0.00014030755846761167, 0.00021755977650173008, 0.0004285910981707275, 0.009020684286952019, 0.0005516540841199458, 0.004033470060676336, 0.0016611218452453613, 3.320852556498721e-05, 7.756782724754885e-05, 3.647234188974835e-05, 0.9105937480926514, 0.0004007061943411827, 0.0013377397553995252, 1.5381205230369233e-05, 3.901317541021854e-05, 0.0017441059462726116, 6.770599611627404e-06, 0.00010766346531454474, 0.0008258266607299447, 0.7945351004600525, 0.503926694393158, 4.7766345232957974e-05, 0.00177677720785141, 0.00020789440895896405, 1.0987782843585592e-06, 0.005816779099404812, 0.37150347232818604], "bboxes_3d": [[11.571605682373047, -36.34589767456055, -1.388169527053833, 3.670787811279297, 1.6150918006896973, 1.5117506980895996, 2.1454901695251465], [39.291812896728516, 4.250236988067627, -0.4430914521217346, 4.26568603515625, 1.6726293563842773, 1.7789134979248047, -0.05489359050989151], [2.5247771739959717, -2.825369119644165, -1.994997501373291, 3.7286736965179443, 1.5782426595687866, 1.6461126804351807, -0.08407413214445114], [65.99530792236328, 8.842480659484863, -2.294728994369507, 3.921032190322876, 1.66668701171875, 1.6510916948318481, -2.110569953918457], [29.345844268798828, -19.05950927734375, -1.072556495666504, 4.492142677307129, 1.7999403476715088, 2.079348087310791, 1.0103514194488525], [50.54841232299805, -17.762535095214844, -1.2191228866577148, 3.884646415710449, 1.5719407796859741, 1.5322256088256836, 3.1221189498901367], [52.5938720703125, 27.698354721069336, -1.6094622611999512, 3.947206974029541, 1.5099279880523682, 1.5752109289169312, -2.676906108856201], [65.45714569091797, -8.883628845214844, -1.0182546377182007, 4.041767120361328, 1.5675337314605713, 1.8791868686676025, -2.5250887870788574], [10.761451721191406, -16.079118728637695, -1.1299424171447754, 3.7402753829956055, 1.5510587692260742, 1.5705060958862305, -1.0994153022766113], [32.708282470703125, 14.753849983215332, -1.2794280052185059, 3.7859842777252197, 1.6770672798156738, 1.6405383348464966, 0.44614529609680176], [66.9140396118164, 24.84922218322754, -1.7131885290145874, 4.006931304931641, 1.6475040912628174, 1.641937017440796, -3.1359989643096924], [0.8616187572479248, 36.6706657409668, -2.153942584991455, 3.8100857734680176, 1.6194546222686768, 1.5655248165130615, -2.6049273014068604], [55.673927307128906, -2.7753729820251465, 0.8668044805526733, 3.926367998123169, 1.4792271852493286, 1.8176989555358887, -2.575249671936035], [42.039764404296875, -9.251055717468262, -1.483904242515564, 3.7397212982177734, 1.5272798538208008, 1.5144555568695068, -2.624110698699951], [11.45858097076416, 33.33955764770508, -1.4477280378341675, 3.7079241275787354, 1.591994285583496, 1.5138542652130127, -2.5637664794921875], [1.0897868871688843, -19.66057777404785, -0.6724321246147156, 3.747429132461548, 1.6201434135437012, 1.6533210277557373, -3.0031237602233887], [40.944210052490234, 21.19689178466797, -1.9067997932434082, 3.966831922531128, 1.6672284603118896, 1.5937539339065552, 2.2095067501068115], [55.88766860961914, 39.03584289550781, -1.565793514251709, 4.072457313537598, 1.6325441598892212, 1.680445671081543, -3.120443820953369], [11.852328300476074, 4.916041374206543, -1.8276628255844116, 3.8473031520843506, 1.4536948204040527, 1.427098274230957, 1.57362699508667], [15.491450309753418, -26.152082443237305, -0.6520615816116333, 4.127219200134277, 1.650097370147705, 1.6044398546218872, -1.5304198265075684], [40.61701202392578, 13.847350120544434, -1.7045164108276367, 3.920064687728882, 1.5937600135803223, 1.5535273551940918, 2.6073317527770996], [65.44084930419922, 0.05860089883208275, 0.4851365089416504, 3.984877347946167, 1.7155988216400146, 1.7090795040130615, 0.06102420762181282], [7.202303409576416, -7.061588287353516, -2.0737874507904053, 3.9189882278442383, 1.3442636728286743, 1.4241362810134888, -1.4626269340515137], [20.869794845581055, 16.042085647583008, -1.5880783796310425, 3.5335917472839355, 1.5424082279205322, 1.502791404724121, -3.092679977416992], [29.018796920776367, 8.792102813720703, -1.1976385116577148, 3.6603732109069824, 1.44468355178833, 1.692958116531372, -2.138011932373047], [31.379907608032227, -15.296516418457031, -1.0472491979599, 4.581833839416504, 1.855543851852417, 1.9892120361328125, 0.9970208406448364], [52.654022216796875, -11.091197967529297, -1.2632884979248047, 3.7326457500457764, 1.5666468143463135, 1.5216691493988037, 2.6151678562164307], [53.637454986572266, 20.669198989868164, -2.7943644523620605, 4.159927845001221, 1.7249382734298706, 1.8442045450210571, -2.049604892730713], [31.695348739624023, 23.363204956054688, -1.914623498916626, 4.240761756896973, 1.690584421157837, 1.6653077602386475, 2.520756244659424], [22.205429077148438, -6.658647060394287, -1.6911232471466064, 3.645078420639038, 1.6169872283935547, 1.5385844707489014, -0.11471356451511383], [56.53656005859375, 9.659085273742676, -1.5042805671691895, 3.6718218326568604, 1.5183076858520508, 1.5090744495391846, 3.1235430240631104], [23.360816955566406, 10.086326599121094, -0.7330837845802307, 4.510784149169922, 1.5978509187698364, 2.013962507247925, 0.3802676498889923], [17.280838012695312, -7.823455810546875, -1.6700453758239746, 3.8696577548980713, 1.6529927253723145, 1.5298775434494019, -0.08016657084226608], [14.821555137634277, -34.1170768737793, -0.3442818522453308, 3.590383768081665, 1.6087472438812256, 1.5333478450775146, 0.01566714234650135], [2.0050394535064697, 1.0717540979385376, -1.7848358154296875, 3.675823926925659, 1.5807077884674072, 1.4638018608093262, -0.014035556465387344], [-0.13716498017311096, 28.26246452331543, -2.0468966960906982, 3.746058940887451, 1.5773465633392334, 1.6185102462768555, -0.02681269496679306], [26.087158203125, 23.824853897094727, -1.8086827993392944, 3.701780080795288, 1.5966503620147705, 1.555323839187622, -2.5694546699523926], [36.14788818359375, -9.519925117492676, -1.402914047241211, 3.8162529468536377, 1.5914068222045898, 1.5063002109527588, -0.4880847930908203], 