{"labels_3d": [0, 2, 2, 2, 2, 2, 2, 2, 2, 2, 2, 2], "scores_3d": [0.6540407538414001, 0.9570367336273193, 0.949235737323761, 0.9445654153823853, 0.9198779463768005, 0.8517661690711975, 0.8476101756095886, 0.8139985203742981, 0.7437688112258911, 0.726132869720459, 0.7237183451652527, 0.6896876692771912], "bboxes_3d": [[23.54560661315918, -8.396567344665527, -1.5968079566955566, 1.180820107460022, 0.7134593725204468, 2.0021846294403076, 3.3076705932617188], [12.114253997802734, 2.424720287322998, -1.612504482269287, 4.052601337432861, 1.6685514450073242, 1.4432389736175537, 2.982210159301758], [16.790462493896484, -5.825304985046387, -1.6297762393951416, 3.219413995742798, 1.5084017515182495, 1.430477499961853, -0.13676297664642334], [5.473010063171387, -4.376564979553223, -1.6473418474197388, 3.36002254486084, 1.5898189544677734, 1.3922603130340576, -0.15414822101593018], [23.944087982177734, 0.4112010896205902, -1.557239055633545, 3.944018840789795, 1.659095048904419, 1.5588544607162476, 2.9689483642578125], [21.601789474487305, 26.858043670654297, -1.5403211116790771, 3.0272037982940674, 1.6588401794433594, 1.4646188020706177, 2.9757676124572754], [43.173309326171875, -4.5351481437683105, -1.4035205841064453, 3.5052013397216797, 1.5523377656936646, 1.651201605796814, 2.736194610595703], [29.202667236328125, -0.6634829640388489, -1.5347092151641846, 3.44289493560791, 1.4869930744171143, 1.5006301403045654, 2.9721832275390625], [36.558345794677734, -1.846070647239685, -1.4772405624389648, 3.7180631160736084, 1.5522342920303345, 1.475257396697998, 2.972912311553955], [28.709423065185547, -7.906435012817383, -1.531211256980896, 4.173588275909424, 1.6269527673721313, 1.479055404663086, -0.1488053798675537], [22.17095947265625, -6.7850751876831055, -1.5705491304397583, 3.6614835262298584, 1.5967210531234741, 1.4406355619430542, -0.15069735050201416], [2.0165860652923584, 5.532601356506348, -1.7424383163452148, 4.496293067932129, 1.7232424020767212, 1.8135167360305786, 2.2740259170532227]], "box_type_3d": "LiDAR"}